{"stats":{"minecraft:dropped":{"minecraft:wheat_seeds":1,"minecraft:wooden_pickaxe":1},"minecraft:picked_up":{"minecraft:stick":1,"minecraft:crafting_table":2,"minecraft:leather":7,"minecraft:oak_log":23,"minecraft:wheat_seeds":1,"minecraft:beef":17,"minecraft:oak_sapling":1,"minecraft:sugar_cane":10,"minecraft:mutton":4,"minecraft:white_wool":3,"minecraft:cobblestone":109,"minecraft:furnace":1},"minecraft:crafted":{"minecraft:cooked_beef":12,"minecraft:oak_planks":24,"minecraft:crafting_table":2,"minecraft:stick":8,"minecraft:wooden_pickaxe":1,"minecraft:stone_pickaxe":1,"minecraft:furnace":1,"minecraft:stone_axe":1,"minecraft:air":0},"minecraft:mined":{"minecraft:furnace":1,"minecraft:crafting_table":2,"minecraft:short_grass":1,"minecraft:oak_log":23,"minecraft:cobblestone":1,"minecraft:stone":108,"minecraft:sugar_cane":4,"minecraft:oak_leaves":4},"minecraft:custom":{"minecraft:time_since_rest":14346,"minecraft:interact_with_furnace":7,"minecraft:sprint_one_cm":92135,"minecraft:damage_taken":243,"minecraft:walk_one_cm":23031,"minecraft:mob_kills":11,"minecraft:drop":2,"minecraft:damage_dealt":1040,"minecraft:swim_one_cm":7831,"minecraft:interact_with_crafting_table":3,"minecraft:fly_one_cm":120598,"minecraft:crouch_one_cm":9844,"minecraft:play_time":14346,"minecraft:sneak_time":2467,"minecraft:walk_under_water_one_cm":81,"minecraft:jump":465,"minecraft:leave_game":1,"minecraft:time_since_death":14346,"minecraft:walk_on_water_one_cm":3003,"minecraft:total_world_time":14346,"minecraft:fall_one_cm":11593},"minecraft:killed":{"minecraft:sheep":3,"minecraft:cow":8},"minecraft:used":{"minecraft:stone_pickaxe":102,"minecraft:wooden_pickaxe":8,"minecraft:stone_axe":33,"minecraft:cobblestone":1,"minecraft:crafting_table":3,"minecraft:furnace":1,"minecraft:cooked_beef":2}},"DataVersion":3839}